"","ttbmu","ttbse","abcmu","abcse"
"1",0.656028828828829,0.00998514085460009,0.736944144144144,0.00180266910547233
"2",0.696177156177156,0.00327429255564813,0.7402331002331,0.00260074752388012
"3",0,0,0,0
"4",0,0,0,0
"5",0,0,0,0
"6",0,0,0,0
"7",0,0,0,0
"8",0,0,0,0
"9",0,0,0,0
