"","ttbmu","ttbse","abcmu","abcse"
"1",0.626097297297297,0.0211300047582445,0.707243243243243,0.0207003303432179
"2",0,0,0,0
"3",0,0,0,0
"4",0,0,0,0
"5",0,0,0,0
"6",0,0,0,0
"7",0,0,0,0
"8",0,0,0,0
"9",0,0,0,0
